338.67,8.84,29.50,84.00,631.77,-5.129938,119.481590,2020-09-03 17:43:12.427000,3F0D,end#
303.91,8.44,29.50,84.50,6577.52,-5.129952,119.481560,2020-09-03 17:44:13.839000,3F0D,end#
283.31,8.34,29.30,84.90,705.72,-5.129952,119.481552,2020-09-03 17:45:15.271000,3F0D,end#
311.00,8.84,29.40,84.50,3877.07,-5.129954,119.481537,2020-09-03 17:46:15.714000,3F0D,end#
237.66,7.75,29.40,84.10,1222.83,-5.130198,119.481850,2020-09-03 17:47:17.161000,3F0D,end#
1630.20,2.15,26.30,77.70,3665.95,-5.143754,119.461533,2020-08-28 07:07:12.250000,3F0D,end#
1915.14,2.23,26.30,77.60,34757.55,-5.143754,119.461533,2020-08-28 07:07:12.330000,3F0D,end#
1915.14,1.63,26.10,78.10,470.52,-5.144526,119.464058,2020-08-28 07:07:33.409000,3F0D,end#
1915.14,1.47,26.30,77.90,3908.37,-5.144938,119.465324,2020-08-28 07:07:43.489000,3F0D,end#
2372.17,2.10,26.30,78.30,6.65,-5.145437,119.466965,2020-08-28 07:07:56.568000,3F0D,end#
2471.29,2.01,26.10,78.50,424.97,-5.145705,119.467850,2020-08-28 07:08:03.648000,3F0D,end#
2522.05,2.19,26.30,78.10,30.72,-5.146240,119.469658,2020-08-28 07:08:19.719000,3F0D,end#
2522.05,2.15,26.40,77.80,480.68,-5.146298,119.470490,2020-08-28 07:08:29.789000,3F0D,end#
2488.12,1.58,26.70,77.90,804.43,-5.146296,119.470001,2020-08-28 07:08:31.868000,3F0D,end#
1326.18,2.23,27.10,77.60,1.61,-5.146257,119.470963,2020-08-28 07:08:42.949000,3F0D,end#
1357.64,1.01,27.20,77.20,2984.25,-5.146170,119.471375,2020-08-28 07:09:00.022000,3F0D,end#
1028.09,2.45,27.20,76.70,781.92,-5.146057,119.471741,2020-08-28 07:09:12.093000,3F0D,end#
985.87,2.36,27.30,76.80,1.40,-5.145925,119.472046,2020-08-28 07:09:18.164000,3F0D,end#
1320.99,2.19,27.40,76.00,4745.10,-5.145329,119.472977,2020-08-28 07:09:33.244000,3F0D,end#
1368.24,2.23,27.20,75.10,1006.57,-5.144681,119.473938,2020-08-28 07:09:46.314000,3F0D,end#
1887.76,2.23,27.10,74.80,39.03,-5.144621,119.474014,2020-08-28 07:09:47.376000,3F0D,end#
2085.94,3.42,26.90,75.40,20.11,-5.143607,119.475403,2020-08-28 07:10:06.448000,3F0D,end#
2049.42,4.29,26.90,75.10,1417.74,-5.143056,119.476196,2020-08-28 07:10:17.519000,3F0D,end#
2299.90,8.00,26.60,74.90,306.89,-5.142565,119.476936,2020-08-28 07:10:28.590000,3F0D,end#
2505.04,11.17,27.00,74.90,7396.17,-5.142067,119.477715,2020-08-28 07:10:40.670000,3F0D,end#
2404.86,10.71,26.90,74.20,1186.42,-5.141766,119.478783,2020-08-28 07:10:53.751000,3F0D,end#
2471.29,11.74,27.00,74.00,1401.08,-5.141677,119.479767,2020-08-28 07:11:04.828000,3F0D,end#
2522.05,12.26,26.90,73.80,5184.43,-5.141615,119.480415,2020-08-28 07:11:11.907000,3F0D,end#
2522.05,13.32,26.60,74.50,3223.56,-5.141541,119.481804,2020-08-28 07:11:26.985000,3F0D,end#
2522.05,15.73,26.90,74.50,4124.31,-5.141496,119.482460,2020-08-28 07:11:34.056000,3F0D,end#
2522.05,14.51,27.10,74.10,999.06,-5.141420,119.483742,2020-08-28 07:11:49.131000,3F0D,end#
2496.57,15.65,26.60,74.30,576.40,-5.141314,119.484741,2020-08-28 07:12:01.209000,3F0D,end#
2522.05,17.06,26.60,75.00,18246.20,-5.141195,119.485672,2020-08-28 07:12:11.290000,3F0D,end#
2522.05,16.72,26.50,74.90,2273.46,-5.141066,119.486694,2020-08-28 07:12:22.369000,3F0D,end#
2522.05,22.44,26.80,74.90,265.39,-5.140908,119.487801,2020-08-28 07:12:35.445000,3F0D,end#
2522.05,18.12,nan,nan,35.03,-5.140796,119.488480,2020-08-28 07:12:43.516000,3F0D,end#
2522.05,18.58,27.40,73.80,0.00,-5.140701,119.489204,2020-08-28 07:12:55.595000,3F0D,end#
2522.05,22.49,27.50,73.70,368.76,-5.140604,119.489960,2020-08-28 07:13:05.667000,3F0D,end#
2522.05,21.60,27.20,73.40,1040.85,-5.140487,119.490524,2020-08-28 07:13:12.744000,3F0D,end#
2522.05,19.69,27.20,73.90,48.90,-5.140082,119.491432,2020-08-28 07:13:25.823000,3F0D,end#
2522.05,14.66,27.20,73.70,10.97,-5.139380,119.492241,2020-08-28 07:13:38.895000,3F0D,end#
2522.05,19.98,27.30,73.70,637.91,-5.138824,119.492851,2020-08-28 07:13:48.973000,3F0D,end#
2522.05,21.49,27.00,74.00,0.00,-5.137971,119.493332,2020-08-28 07:14:01.054000,3F0D,end#
2522.05,18.54,26.80,74.30,5356.59,-5.137334,119.494484,2020-08-28 07:14:12.132000,3F0D,end#
2522.05,22.38,26.90,74.40,1620.86,-5.136862,119.494995,2020-08-28 07:14:22.210000,3F0D,end#
2522.05,21.66,26.70,74.30,20.37,-5.136150,119.495750,2020-08-28 07:14:34.290000,3F0D,end#
2522.05,21.39,27.00,74.80,263.22,-5.135618,119.496323,2020-08-28 07:14:44.369000,3F0D,end#
2522.05,18.26,26.80,74.90,4964.17,-5.134789,119.497108,2020-08-28 07:14:57.442000,3F0D,end#
2513.53,16.81,26.70,75.00,961.96,-5.134138,119.497353,2020-08-28 07:15:05.522000,3F0D,end#
2462.91,17.41,26.90,74.80,8.99,-5.132996,119.497757,2020-08-28 07:15:18.599000,3F0D,end#
2413.09,17.32,26.90,74.10,32.48,-5.131939,119.498070,2020-08-28 07:15:30.678000,3F0D,end#
2339.83,16.85,27.00,74.30,106.03,-5.130947,119.498306,2020-08-28 07:15:41.755000,3F0D,end#
2522.05,22.61,27.00,73.80,2566.08,-5.130394,119.498451,2020-08-28 07:15:47.834000,3F0D,end#
2522.05,22.61,27.20,73.00,5892.18,-5.129332,119.498932,2020-08-28 07:15:59.912000,3F0D,end#
2522.05,24.67,27.40,72.40,1064.84,-5.128557,119.499794,2020-08-28 07:16:11.991000,3F0D,end#
2522.05,21.44,27.50,72.20,1356.88,-5.127878,119.500816,2020-08-28 07:16:25.070000,3F0D,end#
2364.06,19.01,27.90,72.70,37.68,-5.127829,119.500923,2020-08-28 07:16:36.150000,3F0D,end#
1352.35,14.94,27.40,72.70,2449.61,-5.127888,119.500885,2020-08-28 07:16:39.228000,3F0D,end#
3707.48,15.57,30.9,56.5,0,-5.146382,119.470238,2020-08-26 19:10:41.989000,3F0D,end#
2785.08,16.68,31.1,56,0,-5.146342,119.470757,2020-08-26 19:10:52.065000,3F0D,end#
2938.78,16.68,30.9,55.4,588.2,-5.146342,119.470757,2020-08-26 19:10:52.145000,3F0D,end#
3209.45,15.69,30.9,55.6,0,-5.146342,119.470757,2020-08-26 19:10:52.217000,3F0D,end#
3322.99,15.25,30.6,56.1,1765.69,-5.145512,119.47271,2020-08-26 19:11:25.295000,3F0D,end#
3109.88,15.73,30.2,56.2,1696.09,-5.145133,119.473251,2020-08-26 19:11:36.375000,3F0D,end#
2938.78,15.97,30.3,57.2,21135.4,-5.14473,119.473839,2020-08-26 19:11:47.447000,3F0D,end#
3511.12,18.03,30.1,57.8,5968.49,-5.14429,119.474472,2020-08-26 19:11:58.525000,3F0D,end#
3707.48,19.25,30.2,57.6,5605.19,-5.143776,119.475166,2020-08-26 19:12:11.602000,3F0D,end#
3707.48,17.54,30.3,57.5,4876.99,-5.143665,119.475334,2020-08-26 19:12:14.672000,3F0D,end#
3707.48,14.06,30.1,57.9,670.66,-5.143665,119.475334,2020-08-26 19:12:14.743000,3F0D,end#
3707.48,13.32,30.1,57.9,0,-5.142907,119.47644,2020-08-26 19:12:44.824000,3F0D,end#
3707.48,17.85,30.2,58,2747.77,-5.142754,119.476677,2020-08-26 19:12:52.902000,3F0D,end#
3707.48,15.85,30.3,58.1,6554.79,-5.142561,119.476974,2020-08-26 19:13:04.978000,3F0D,end#
3198.27,16.47,30.4,58.2,902.35,-5.142561,119.476974,2020-08-26 19:13:04.058000,3F0D,end#
3198.27,20.8,30.7,57.7,24.69,-5.141977,119.478035,2020-08-26 19:13:26.137000,3F0D,end#
3475.23,20.54,30.7,57.1,588.25,-5.141977,119.478035,2020-08-26 19:13:26.217000,3F0D,end#
3707.48,23.01,31,56.8,6302.04,-5.141725,119.479599,2020-08-26 19:13:48.296000,3F0D,end#
3694.96,17.68,30.9,56.5,48.01,-5.141661,119.4804,2020-08-26 19:14:00.363000,3F0D,end#
3707.48,19.88,30.9,56.8,265.08,-5.141613,119.481201,2020-08-26 19:14:11.435000,3F0D,end#
3707.48,18.63,31,57.1,5284.38,-5.141589,119.481812,2020-08-26 19:14:20.507000,3F0D,end#
3707.48,18.58,31.1,56.8,1014.02,-5.141537,119.482552,2020-08-26 19:14:31.587000,3F0D,end#
3707.48,22.1,31.2,56.5,319.03,-5.141483,119.483246,2020-08-26 19:14:42.655000,3F0D,end#
3707.48,21.01,31.2,56.2,1420.93,-5.141449,119.483696,2020-08-26 19:14:49.727000,3F0D,end#
3707.48,23.61,31.1,56.1,732.5,-5.141422,119.484093,2020-08-26 19:14:55.806000,3F0D,end#
3707.48,24.67,31,56.4,2443.27,-5.141262,119.48555,2020-08-26 19:15:15.885000,3F0D,end#
3707.48,39.65,31.1,56.9,1452.71,-5.141168,119.486214,2020-08-26 19:15:24.964000,3F0D,end#
3707.48,26.13,31.1,56.7,165.58,-5.141094,119.486755,2020-08-26 19:15:31.044000,3F0D,end#
3707.48,21.71,31.1,56.7,49.1,-5.140961,119.487846,2020-08-26 19:15:46.115000,3F0D,end#
3707.48,18.17,31,56.9,19669.99,-5.140864,119.48848,2020-08-26 19:15:57.194000,3F0D,end#
3707.48,15.53,nan,nan,2406.53,-5.140819,119.488594,2020-08-26 19:16:10.265000,3F0D,end#
3632.87,17.68,31.1,57.1,297.85,-5.140809,119.488625,2020-08-26 19:16:18.336000,3F0D,end#
3657.61,19.1,31.1,58.5,640.23,-5.140744,119.489136,2020-08-26 19:16:32.414000,3F0D,end#
3265.84,18.17,31,57.9,1032.67,-5.14069,119.489517,2020-08-26 19:16:40.494000,3F0D,end#
3392.59,18.54,30.8,57.5,35.75,-5.140618,119.490028,2020-08-26 19:16:49.575000,3F0D,end#
3277.21,17.24,30.7,57.7,3997.73,-5.140378,119.490982,2020-08-26 19:17:04.653000,3F0D,end#
3670.03,18.96,30.4,57.9,3044.7,-5.140033,119.491508,2020-08-26 19:17:14.734000,3F0D,end#
3657.61,16.05,30.3,58.2,3726.8,-5.139603,119.491982,2020-08-26 19:17:24.814000,3F0D,end#
3632.87,16.72,30.3,58.1,2000.11,-5.138977,119.492683,2020-08-26 19:17:36.894000,3F0D,end#
3657.61,17.15,30.3,58.2,1069.82,-5.138237,119.493492,2020-08-26 19:17:50.972000,3F0D,end#
3571.59,18.4,30.2,58.4,0,-5.138146,119.493607,2020-08-26 19:17:52.044000,3F0D,end#
3596,19.06,30.3,58.9,1229.34,-5.137344,119.494484,2020-08-26 19:18:09.125000,3F0D,end#
3657.61,23.43,30.4,58.9,152.84,-5.136622,119.495224,2020-08-26 19:18:23.204000,3F0D,end#
3707.48,22.9,30.3,59.3,265.86,-5.136141,119.49575,2020-08-26 19:18:32.281000,3F0D,end#
3707.48,21.44,30.3,59.8,6719.57,-5.135653,119.496292,2020-08-26 19:18:43.361000,3F0D,end#
3707.48,21.01,30.3,59.4,1935.03,-5.135052,119.496941,2020-08-26 19:18:55.430000,3F0D,end#
3707.48,19.2,30.2,59.4,300.79,-5.134587,119.497192,2020-08-26 19:19:03.511000,3F0D,end#
3707.48,25.86,30.4,59.6,2746.46,-5.133799,119.49749,2020-08-26 19:19:15.589000,3F0D,end#
3707.48,23.43,30.3,59.9,759.01,-5.132947,119.497795,2020-08-26 19:19:28.666000,3F0D,end#
3707.48,21.6,30.4,60.1,20.74,-5.1323,119.497978,2020-08-26 19:19:39.746000,3F0D,end#
3707.48,20.96,30.5,59.7,1.19,-5.131603,119.498154,2020-08-26 19:19:50.826000,3F0D,end#
3707.48,18.08,30.6,59.3,258.62,-5.131283,119.498253,2020-08-26 19:19:55.892000,3F0D,end#
3707.48,16.18,30.4,59.2,154.75,-5.130048,119.498566,2020-08-26 19:20:12.970000,3F0D,end#
3707.48,18.26,30.6,59.6,6382.09,-5.129397,119.498901,2020-08-26 19:20:21.050000,3F0D,end#
3571.59,18.03,30.7,59.7,44.85,-5.128644,119.499702,2020-08-26 19:20:35.121000,3F0D,end#
3707.48,19.06,nan,nan,1053.91,-5.128299,119.500206,2020-08-26 19:20:44.199000,3F0D,end#
3707.48,20.54,30.8,59.1,825.69,-5.127899,119.500816,2020-08-26 19:20:56.273000,3F0D,end#
537.41,15.85,32.90,53.10,4536.42,,,2020-09-06 11:53:02.511000,C7CD,end#
658.39,16.09,33.00,53.20,4754.53,,,2020-09-06 11:53:13.589000,C7CD,end#
638.92,15.65,33.10,53.70,6980.89,,,2020-09-06 11:53:25.667000,C7CD,end#
533.21,14.28,34.00,54.30,10197.62,,,2020-09-06 11:53:36.735000,C7CD,end#
441.31,13.25,33.60,52.60,14142.57,,,2020-09-06 11:53:50.058000,C7CD,end#
389.25,12.75,33.70,52.80,0.00,,,2020-09-06 11:54:01.137000,C7CD,end#
394.24,16.89,33.80,52.80,2395.44,,,2020-09-06 11:54:12.207000,C7CD,end#
256.52,13.69,34.00,51.50,4386.61,,,2020-09-06 11:54:24.285000,C7CD,end#
225.21,13.83,34.80,50.00,5848.74,,,2020-09-06 11:54:34.364000,C7CD,end#
218.65,14.51,34.90,49.50,14280.40,,,2020-09-06 11:54:45.442000,C7CD,end#
252.89,15.13,34.20,49.40,1548.80,,,2020-09-06 11:54:55.518000,C7CD,end#
249.30,14.32,34.20,48.90,544.48,,,2020-09-06 11:55:06.608000,C7CD,end#
301.72,15.09,34.70,48.90,52238.22,,,2020-09-06 11:55:17.697000,C7CD,end#
296.28,15.65,34.40,49.00,0.00,,,2020-09-06 11:55:28.775000,C7CD,end#
379.41,17.37,34.30,49.70,402.73,,,2020-09-06 11:55:39.851000,C7CD,end#
418.15,15.57,34.40,49.40,687.05,,,2020-09-06 11:55:51.929000,C7CD,end#
293.58,12.93,34.80,49.00,3652.66,,,2020-09-06 11:56:03.017000,C7CD,end#
315.65,13.76,35.20,49.00,956.84,,,2020-09-06 11:56:13.094000,C7CD,end#
377.79,15.37,35.70,48.00,0.00,,,2020-09-06 11:56:24.161000,C7CD,end#
419.90,19.93,36.10,47.70,5577.38,,,2020-09-06 11:56:35.239000,C7CD,end#
5.30,2.61,nan,nan,2485.81,,,2020-09-06 11:56:47.316000,C7CD,end#
701.29,3.38,36.60,46.50,27023.00,,,2020-09-06 11:56:59.395000,C7CD,end#
757.20,19.78,37.10,46.70,2980.30,,,2020-09-06 11:57:10.472000,C7CD,end#
486.60,16.64,37.40,45.60,4801.92,,,2020-09-06 11:57:23.552000,C7CD,end#
321.35,13.58,36.80,44.70,2620.62,-5.142346,119.457153,2020-09-06 11:57:32.630000,C7CD,end#
406.06,15.13,36.60,44.50,20709.43,-5.142506,119.457718,2020-09-06 11:57:37.695000,C7CD,end#
608.21,17.06,36.50,44.30,10451.51,-5.142989,119.459320,2020-09-06 11:57:55.773000,C7CD,end#
512.55,16.09,36.30,45.10,1602.17,-5.143246,119.460083,2020-09-06 11:58:05.848000,C7CD,end#
533.21,16.59,37.00,45.20,14935.66,-5.143593,119.461205,2020-09-06 11:58:18.915000,C7CD,end#
529.03,16.98,36.90,44.50,0.00,-5.143899,119.462158,2020-09-06 11:58:29.992000,C7CD,end#
471.13,15.97,36.60,44.10,7328.86,-5.144209,119.463150,2020-09-06 11:58:40.071000,C7CD,end#
565.37,16.98,36.10,44.10,16310.38,-5.144502,119.464081,2020-09-06 11:58:50.147000,C7CD,end#
619.89,18.22,36.30,44.20,1882.30,-5.144790,119.465027,2020-09-06 11:59:00.222000,C7CD,end#
624.60,21.12,36.30,44.40,5101.38,-5.145160,119.466194,2020-09-06 11:59:12.298000,C7CD,end#
658.39,20.80,36.10,44.60,0.00,-5.145531,119.467400,2020-09-06 11:59:24.384000,C7CD,end#
678.32,19.88,36.30,44.50,16289.45,-5.145814,119.468292,2020-09-06 11:59:34.462000,C7CD,end#
799.20,21.17,37.10,44.60,3498.33,-5.146122,119.469261,2020-09-06 11:59:46.538000,C7CD,end#
730.17,20.91,37.80,44.10,2923.08,-5.146180,119.469505,2020-09-06 11:59:50.607000,C7CD,end#
651.04,17.63,37.60,43.30,12882.55,-5.146286,119.470665,2020-09-06 12:00:06.680000,C7CD,end#
596.71,16.72,37.70,43.20,3904.89,-5.146171,119.471352,2020-09-06 12:00:15.754000,C7CD,end#
670.79,22.27,38.20,43.20,687.11,-5.145654,119.472458,2020-09-06 12:00:30.830000,C7CD,end#
512.55,15.69,38.00,43.60,0.00,-5.145295,119.472984,2020-09-06 12:00:38.905000,C7CD,end#
608.21,17.45,37.10,43.80,26306.30,-5.144755,119.473770,2020-09-06 12:00:50.980000,C7CD,end#
638.92,17.76,37.60,43.70,9964.89,-5.144077,119.474716,2020-09-06 12:01:05.058000,C7CD,end#
646.17,16.18,37.80,43.00,338.14,-5.143618,119.475380,2020-09-06 12:01:16.144000,C7CD,end#
567.57,13.83,37.50,43.60,2370.04,-5.143125,119.476089,2020-09-06 12:01:28.212000,C7CD,end#
558.83,14.10,37.50,42.30,8464.16,-5.142829,119.476555,2020-09-06 12:01:35.278000,C7CD,end#
663.33,20.13,37.80,42.30,8884.69,-5.142204,119.477470,2020-09-06 12:01:50.352000,C7CD,end#
738.20,20.13,38.10,42.00,8404.84,-5.141876,119.478241,2020-09-06 12:02:01.430000,C7CD,end#
762.70,18.22,38.00,41.50,3990.71,-5.141698,119.479301,2020-09-06 12:02:14.509000,C7CD,end#
680.84,11.00,38.30,41.00,0.00,-5.141634,119.480049,2020-09-06 12:02:24.584000,C7CD,end#
619.89,14.94,37.90,41.20,3321.12,-5.141579,119.480957,2020-09-06 12:02:36.661000,C7CD,end#
574.20,14.06,37.50,41.60,16474.54,-5.141541,119.481697,2020-09-06 12:02:45.738000,C7CD,end#
696.13,15.97,37.30,41.60,4116.29,-5.141479,119.482780,2020-09-06 12:02:59.813000,C7CD,end#
738.20,16.22,37.60,41.70,5408.93,-5.141425,119.483589,2020-09-06 12:03:10.889000,C7CD,end#
683.37,16.14,38.30,41.50,0.00,-5.141354,119.484383,2020-09-06 12:03:21.961000,C7CD,end#
641.33,15.33,37.80,41.80,0.00,-5.141286,119.485039,2020-09-06 12:03:30.040000,C7CD,end#
539.53,15.61,37.80,41.90,6444.50,-5.141205,119.485756,2020-09-06 12:03:40.114000,C7CD,end#
541.65,13.80,37.60,41.80,2332.22,-5.141098,119.486595,2020-09-06 12:03:51.190000,C7CD,end#
520.74,13.07,37.30,41.80,639.10,-5.140989,119.487549,2020-09-06 12:04:04.266000,C7CD,end#
543.77,14.40,36.70,41.80,2152.40,-5.140902,119.488052,2020-09-06 12:04:09.341000,C7CD,end#
569.77,16.01,37.10,43.30,4872.88,-5.140684,119.489380,2020-09-06 12:04:25.417000,C7CD,end#
610.53,18.03,37.30,42.90,87990.27,0.020500,0.000000,2020-09-06 08:04:04.491000,C7CD,end#
719.56,19.20,37.00,42.70,23.70,-5.140281,119.491096,2020-09-06 12:04:49.576000,C7CD,end#
636.51,17.90,36.90,43.50,31950.68,-5.139801,119.491737,2020-09-06 12:05:00.653000,C7CD,end#
727.50,21.49,37.00,43.90,281.52,-5.139235,119.492371,2020-09-06 12:05:11.737000,C7CD,end#
605.90,16.98,36.40,44.40,3156.42,-5.138648,119.493019,2020-09-06 12:05:23.810000,C7CD,end#
624.60,17.76,36.60,45.20,3720.20,-5.138138,119.493561,2020-09-06 12:05:33.888000,C7CD,end#
641.33,17.37,36.60,45.30,3165.80,-5.137630,119.494110,2020-09-06 12:05:43.965000,C7CD,end#
665.81,16.68,37.00,44.50,3552.95,-5.136876,119.494896,2020-09-06 12:05:58.041000,C7CD,end#
508.49,14.90,36.10,44.90,5928.44,-5.136349,119.495445,2020-09-06 12:06:07.119000,C7CD,end#
714.30,18.96,36.60,45.50,0.00,-5.135821,119.496063,2020-09-06 12:06:17.193000,C7CD,end#
651.04,19.88,37.20,45.40,0.00,-5.135077,119.496849,2020-09-06 12:06:31.258000,C7CD,end#
619.89,19.69,36.30,45.30,0.00,-5.134479,119.497192,2020-09-06 12:06:41.345000,C7CD,end#
619.89,17.72,36.50,45.90,22542.60,-5.133753,119.497459,2020-09-06 12:06:51.422000,C7CD,end#
646.17,17.50,36.50,47.40,0.00,-5.132683,119.497826,2020-09-06 12:07:05.501000,C7CD,end#
636.51,16.14,36.60,47.60,3332.38,-5.131993,119.498009,2020-09-06 12:07:15.574000,C7CD,end#
696.13,18.58,36.80,46.20,4877.83,-5.130240,119.498520,2020-09-06 12:07:40.716000,C7CD,end#
685.91,11.71,37.10,46.10,11065.98,-5.129447,119.498863,2020-09-06 12:07:50.790000,C7CD,end#
673.30,21.06,37.60,45.40,4643.17,-5.128683,119.499596,2020-09-06 12:08:02.857000,C7CD,end#
757.20,18.96,37.70,44.30,0.00,-5.128161,119.500374,2020-09-06 12:08:13.943000,C7CD,end#
1005.91,23.55,38.00,44.20,0.00,-5.127846,119.500854,2020-09-06 12:08:23.027000,C7CD,end#
706.47,17.24,37.70,43.30,0.00,-5.128038,119.500633,2020-09-06 12:08:33.093000,C7CD,end#
693.57,22.10,36.80,43.90,15554.94,-5.128701,119.499733,2020-09-06 12:08:46.168000,C7CD,end#
793.50,23.67,37.20,44.70,522.41,-5.129234,119.499161,2020-09-06 12:08:55.242000,C7CD,end#
793.50,22.84,nan,nan,3683.59,-5.130028,119.498718,2020-09-06 12:09:07.317000,C7CD,end#
743.59,20.80,37.90,44.90,141.70,-5.130803,119.498528,2020-09-06 12:09:16.394000,C7CD,end#
888.59,20.91,37.60,44.50,31069.20,-5.131768,119.498558,2020-09-06 12:09:31.469000,C7CD,end#
807.81,16.98,37.10,44.40,2160.18,-5.131896,119.499092,2020-09-06 12:09:40.544000,C7CD,end#
701.29,14.51,37.40,44.90,16607.31,-5.131900,119.499962,2020-09-06 12:09:54.630000,C7CD,end#
641.33,15.09,38.10,44.20,0.00,-5.131945,119.500290,2020-09-06 12:10:05.706000,C7CD,end#
504.45,12.43,37.10,44.10,0.00,-5.132025,119.500626,2020-09-06 12:10:11.780000,C7CD,end#
529.03,13.87,36.90,44.50,4128.45,-5.132206,119.501259,2020-09-06 12:10:22.852000,C7CD,end#
387.59,12.78,37.10,44.10,1116.14,-5.132568,119.502487,2020-09-06 12:10:36.928000,C7CD,end#
456.04,14.66,36.50,44.30,172847.97,-5.132568,119.502487,2020-09-06 12:10:36.991000,C7CD,end#
441.31,14.47,36.70,44.40,14173.15,-5.133345,119.504250,2020-09-06 12:11:00.068000,C7CD,end#
486.60,14.70,36.60,44.40,3536.99,-5.133789,119.505028,2020-09-06 12:11:11.154000,C7CD,end#
580.88,16.55,36.50,44.20,0.00,-5.134451,119.505768,2020-09-06 12:11:23.227000,C7CD,end#
685.91,17.99,36.80,44.70,9236.26,-5.134834,119.506134,2020-09-06 12:11:30.303000,C7CD,end#
655.93,19.39,37.00,44.60,124.02,-5.135366,119.506630,2020-09-06 12:11:40.376000,C7CD,end#
556.66,17.37,37.60,44.70,1282.58,-5.135846,119.507126,2020-09-06 12:11:55.450000,C7CD,end#
488.56,15.65,37.70,44.20,3152.35,-5.136075,119.507362,2020-09-06 12:12:01.531000,C7CD,end#
450.48,15.05,37.50,43.70,4831.95,-5.136743,119.508057,2020-09-06 12:12:16.616000,C7CD,end#
498.45,14.86,37.60,43.30,2395.11,-5.137170,119.508507,2020-09-06 12:12:25.702000,C7CD,end#
556.66,16.01,37.70,43.30,2675.39,-5.137282,119.509422,2020-09-06 12:12:39.786000,C7CD,end#
531.11,15.09,38.50,43.00,3553.50,-5.137302,119.510139,2020-09-06 12:12:52.862000,C7CD,end#
508.49,15.01,38.60,42.30,6745.75,-5.137302,119.510994,2020-09-06 12:13:04.938000,C7CD,end#
480.76,13.69,39.30,42.40,6222.60,-5.137296,119.511246,2020-09-06 12:13:07.013000,C7CD,end#
486.60,14.10,38.40,41.40,262.60,-5.137270,119.512810,2020-09-06 12:13:27.086000,C7CD,end#
452.33,13.80,38.80,41.70,1879.51,-5.137264,119.513184,2020-09-06 12:13:33.161000,C7CD,end#
397.59,12.36,39.00,41.00,1994.72,-5.137249,119.514290,2020-09-06 12:13:49.235000,C7CD,end#
508.49,15.65,39.00,41.20,20235.54,-5.137246,119.514969,2020-09-06 12:14:00.310000,C7CD,end#
369.76,13.14,38.40,41.10,53897.98,-5.137247,119.515045,2020-09-06 12:14:08.385000,C7CD,end#
297.63,11.98,38.10,40.90,6378.77,-5.137249,119.515068,2020-09-06 12:14:21.448000,C7CD,end#
214.36,19.20,35.60,50.60,3736.07,-5.152102,119.529495,2020-09-06 12:30:21.066000,C7CD,end#
324.23,24.61,35.50,49.80,8815.61,-5.152746,119.529984,2020-09-06 12:30:31.142000,C7CD,end#
366.59,18.40,35.80,48.90,513.28,-5.153545,119.530754,2020-09-06 12:30:44.218000,C7CD,end#
377.79,15.65,35.70,48.30,9966.96,-5.153953,119.531219,2020-09-06 12:30:52.291000,C7CD,end#
522.80,20.49,36.10,47.90,474.96,-5.154543,119.532028,2020-09-06 12:31:05.366000,C7CD,end#
494.48,17.72,37.00,47.00,6358.16,-5.155090,119.531960,2020-09-06 12:31:18.443000,C7CD,end#
428.73,16.51,36.50,46.20,2014.36,-5.155622,119.531761,2020-09-06 12:31:26.508000,C7CD,end#
307.24,14.13,36.80,46.70,24103.10,-5.156354,119.531563,2020-09-06 12:31:36.583000,C7CD,end#
428.73,16.38,36.30,46.90,687.57,-5.157307,119.531273,2020-09-06 12:31:50.659000,C7CD,end#
412.94,14.28,36.90,46.30,8294.26,-5.157744,119.530853,2020-09-06 12:31:58.723000,C7CD,end#
379.41,13.76,36.20,48.20,2474.10,-5.158599,119.530678,2020-09-06 12:32:09.800000,C7CD,end#
376.17,14.25,36.30,49.40,2020.30,-5.159784,119.530457,2020-09-06 12:32:24.874000,C7CD,end#
482.70,19.88,36.50,47.40,15194.83,-5.160567,119.530266,2020-09-06 12:32:34.960000,C7CD,end#
480.76,20.75,36.60,46.10,1844.47,-5.161717,119.530457,2020-09-06 12:32:50.037000,C7CD,end#
548.04,21.77,36.80,45.60,87082.32,-5.161760,119.530136,2020-09-06 12:32:59.111000,C7CD,end#
580.88,24.41,35.90,45.60,5465.01,-5.161395,119.529266,2020-09-06 12:33:12.186000,C7CD,end#
512.55,23.01,35.60,46.40,2627.83,-5.161365,119.528336,2020-09-06 12:33:23.263000,C7CD,end#
518.68,22.72,36.00,46.50,2292.47,-5.161452,119.527252,2020-09-06 12:33:35.335000,C7CD,end#
478.82,19.78,36.10,46.70,0.00,-5.161535,119.526436,2020-09-06 12:33:44.420000,C7CD,end#
539.53,23.55,36.00,46.40,366.75,-5.161609,119.525482,2020-09-06 12:33:55.496000,C7CD,end#
648.60,22.10,36.00,46.90,0.00,-5.161683,119.524712,2020-09-06 12:34:04.571000,C7CD,end#
663.33,19.83,35.70,49.90,7621.37,-5.161785,119.523636,2020-09-06 12:34:19.647000,C7CD,end#
531.11,17.15,35.90,47.80,17658.86,-5.161873,119.522667,2020-09-06 12:34:31.721000,C7CD,end#
561.00,0.87,35.90,46.40,3909.89,-5.161934,119.522102,2020-09-06 12:34:38.798000,C7CD,end#
678.32,16.55,35.50,48.20,4543.23,-5.161982,119.521217,2020-09-06 12:34:49.874000,C7CD,end#
574.20,14.78,35.50,48.70,0.00,-5.162095,119.520042,2020-09-06 12:35:04.941000,C7CD,end#
585.37,13.98,35.00,48.00,2227.63,-5.162175,119.519196,2020-09-06 12:35:14.017000,C7CD,end#
561.00,15.41,34.90,48.00,95.76,-5.162265,119.518120,2020-09-06 12:35:27.079000,C7CD,end#
594.43,17.41,35.10,48.40,0.00,-5.162349,119.517326,2020-09-06 12:35:38.155000,C7CD,end#
646.17,16.93,35.80,48.30,210.93,-5.162354,119.517258,2020-09-06 12:35:39.220000,C7CD,end#
541.65,14.78,35.50,47.60,5056.30,-5.162459,119.515915,2020-09-06 12:35:56.297000,C7CD,end#
612.86,15.57,35.10,48.50,12165.78,-5.162551,119.514702,2020-09-06 12:36:11.375000,C7CD,end#
675.81,14.06,35.20,47.40,3616.65,-5.162594,119.514114,2020-09-06 12:36:18.453000,C7CD,end#
714.30,17.02,35.40,46.70,1658.95,-5.162745,119.512878,2020-09-06 12:36:34.529000,C7CD,end#
743.59,19.01,35.90,46.80,1118.32,-5.162836,119.512184,2020-09-06 12:36:43.605000,C7CD,end#
749.01,20.54,35.70,45.90,0.00,-5.162766,119.511169,2020-09-06 12:36:56.681000,C7CD,end#
724.85,19.83,35.50,45.70,1649.53,-5.162685,119.510689,2020-09-06 12:37:02.748000,C7CD,end#
793.50,20.39,35.00,45.50,5570.35,-5.162756,119.510239,2020-09-06 12:37:11.816000,C7CD,end#
779.38,19.10,35.30,46.90,23803.35,-5.163482,119.508911,2020-09-06 12:37:26.881000,C7CD,end#
673.30,19.10,35.00,46.90,4401.56,-5.163989,119.508049,2020-09-06 12:37:38.956000,C7CD,end#
888.59,22.27,34.90,47.20,308.34,-5.163877,119.507385,2020-09-06 12:37:50.034000,C7CD,end#
891.70,18.77,34.50,47.90,3192.81,-5.163513,119.506668,2020-09-06 12:38:02.110000,C7CD,end#
653.48,17.41,35.20,48.00,180.91,-5.163119,119.505936,2020-09-06 12:38:13.187000,C7CD,end#
904.21,16.93,34.80,47.20,3720.70,-5.162716,119.505219,2020-09-06 12:38:24.263000,C7CD,end#
965.54,24.93,35.20,47.10,2367.28,-5.162457,119.504562,2020-09-06 12:38:35.328000,C7CD,end#
995.70,31.79,35.60,47.40,480.32,-5.162560,119.504082,2020-09-06 12:38:46.403000,C7CD,end#
854.96,36.54,36.10,47.20,16827.32,-5.162608,119.503960,2020-09-06 12:38:50.471000,C7CD,end#
706.47,25.52,36.20,46.10,6807.47,-5.162857,119.503326,2020-09-06 12:39:05.554000,C7CD,end#
828.18,35.52,36.60,46.00,10904.25,-5.162943,119.502731,2020-09-06 12:39:20.632000,C7CD,end#
864.03,30.97,36.60,46.10,8588.68,-5.162884,119.502167,2020-09-06 12:39:31.710000,C7CD,end#
793.50,22.61,37.30,45.80,0.00,-5.162809,119.501678,2020-09-06 12:39:43.785000,C7CD,end#
601.29,19.78,36.60,44.50,1803.78,-5.162704,119.501076,2020-09-06 12:39:53.850000,C7CD,end#
663.33,21.22,37.30,44.50,3639.76,-5.162526,119.500443,2020-09-06 12:40:05.924000,C7CD,end#
746.30,19.93,37.90,44.60,7919.98,-5.162471,119.500237,2020-09-06 12:40:14.988000,C7CD,end#
423.41,14.40,38.60,44.20,0.00,-5.162372,119.499947,2020-09-06 12:40:26.056000,C7CD,end#
332.98,13.72,37.60,42.60,2258.20,-5.162344,119.499855,2020-09-06 12:40:28.131000,C7CD,end#
439.50,15.17,37.50,42.70,1830.95,-5.162057,119.498817,2020-09-06 12:40:47.201000,C7CD,end#
490.53,16.34,38.20,42.50,1664.24,-5.161889,119.498352,2020-09-06 12:41:00.278000,C7CD,end#
228.55,2.23,38.50,43.20,1059.14,-5.162025,119.498093,2020-09-06 12:41:07.344000,C7CD,end#
355.63,13.00,37.60,43.00,256.08,-5.162739,119.497452,2020-09-06 12:41:21.418000,C7CD,end#
346.44,9.19,36.90,43.40,0.00,-5.162930,119.497276,2020-09-06 12:41:25.496000,C7CD,end#
255.31,8.75,36.20,43.90,674.83,-5.163866,119.496712,2020-09-06 12:41:43.563000,C7CD,end#
480.76,16.38,36.40,45.10,13422.36,-5.164532,119.496437,2020-09-06 12:41:54.640000,C7CD,end#
541.65,15.53,37.20,44.80,3103.29,-5.165051,119.496307,2020-09-06 12:42:04.705000,C7CD,end#
457.91,13.58,37.20,43.90,70.70,-5.165362,119.496223,2020-09-06 12:42:10.781000,C7CD,end#
552.34,19.06,37.90,44.00,11604.41,-5.166224,119.495865,2020-09-06 12:42:28.850000,C7CD,end#
423.41,13.50,38.00,43.50,6127.48,-5.166609,119.495491,2020-09-06 12:42:38.913000,C7CD,end#
344.93,10.15,38.40,43.50,1282.79,-5.166868,119.495216,2020-09-06 12:42:46.978000,C7CD,end#
384.31,13.69,38.20,42.90,620.79,-5.167469,119.494637,2020-09-06 12:43:01.054000,C7CD,end#
510.51,18.58,38.30,42.70,1752.02,-5.167768,119.494347,2020-09-06 12:43:12.120000,C7CD,end#
382.67,14.66,39.30,42.10,0.00,-5.167787,119.494324,2020-09-06 12:43:22.187000,C7CD,end#
305.85,14.63,40.00,42.00,2548.19,-5.167807,119.494263,2020-09-06 12:43:34.250000,C7CD,end#
341.91,21.06,40.10,41.00,792.86,-5.167890,119.494202,2020-09-06 12:43:44.316000,C7CD,end#
260.19,15.01,40.30,40.50,5683.83,-5.168247,119.493874,2020-09-06 12:43:57.390000,C7CD,end#
190.85,12.36,39.90,40.50,0.00,-5.168567,119.493683,2020-09-06 12:44:04.464000,C7CD,end#
150.33,4.59,39.80,40.60,0.00,-5.169327,119.492661,2020-09-06 12:44:21.541000,C7CD,end#
165.70,11.44,38.60,40.80,7707.51,-5.169835,119.492073,2020-09-06 12:44:30.616000,C7CD,end#
179.36,13.18,38.60,42.00,1920.80,-5.170436,119.491287,2020-09-06 12:44:42.693000,C7CD,end#
374.56,16.59,38.60,41.20,3480.51,-5.170874,119.490860,2020-09-06 12:44:50.757000,C7CD,end#
262.65,5.69,38.70,42.30,10313.73,-5.171650,119.490524,2020-09-06 12:45:04.822000,C7CD,end#
174.72,10.51,38.30,42.20,139.99,-5.172038,119.490189,2020-09-06 12:45:11.899000,C7CD,end#
249.30,12.71,38.00,42.80,25459.97,-5.172797,119.489685,2020-09-06 12:45:23.972000,C7CD,end#
214.36,8.03,37.00,42.70,2831.63,-5.173633,119.489265,2020-09-06 12:45:37.038000,C7CD,end#
223.01,13.80,36.80,43.30,299369.41,-5.174238,119.488899,2020-09-06 12:45:49.123000,C7CD,end#
416.41,14.40,37.20,43.80,0.00,-5.174785,119.488510,2020-09-06 12:46:02.263000,C7CD,end#
351.01,13.14,36.90,43.70,679.94,-5.175559,119.488174,2020-09-06 12:46:21.338000,C7CD,end#
290.91,0.80,37.00,43.90,782.49,-5.175981,119.487999,2020-09-06 12:46:31.414000,C7CD,end#
242.24,11.17,37.50,44.40,326.78,-5.175981,119.487999,2020-09-06 12:46:31.478000,C7CD,end#
257.74,12.15,38.10,44.10,22120.34,-5.176939,119.487549,2020-09-06 12:46:55.546000,C7CD,end#
249.30,12.71,38.40,43.50,400.46,-5.177378,119.487167,2020-09-06 12:47:06.613000,C7CD,end#
276.51,14.10,38.80,43.20,144.34,-5.177659,119.486938,2020-09-06 12:47:15.679000,C7CD,end#
219.74,13.39,38.40,42.60,2859.58,-5.177639,119.486900,2020-09-06 12:47:24.753000,C7CD,end#
204.92,12.50,38.60,42.90,3412.25,-5.177307,119.487190,2020-09-06 12:47:36.830000,C7CD,end#
181.23,11.10,38.50,42.10,0.00,-5.176765,119.487595,2020-09-06 12:47:50.905000,C7CD,end#
215.43,6.82,38.80,42.00,7256.25,-5.176431,119.487755,2020-09-06 12:47:59.981000,C7CD,end#
199.81,12.54,38.30,42.00,11887.77,-5.176277,119.487823,2020-09-06 12:48:03.048000,C7CD,end#
262.65,15.73,37.90,41.60,8202.01,-5.175703,119.488029,2020-09-06 12:48:19.124000,C7CD,end#
281.69,16.30,37.70,41.40,5234.78,-5.175271,119.488235,2020-09-06 12:48:33.201000,C7CD,end#
275.23,19.10,38.30,41.60,5317.58,-5.174814,119.488441,2020-09-06 12:48:44.286000,C7CD,end#
315.65,16.38,38.10,42.10,14619.13,-5.174514,119.488632,2020-09-06 12:48:51.361000,C7CD,end#
233.05,13.72,37.90,42.60,5043.10,-5.174479,119.488663,2020-09-06 12:49:08.428000,C7CD,end#
193.80,12.64,38.10,42.50,3228.42,-5.174476,119.488663,2020-09-06 12:49:14.490000,C7CD,end#
157.88,11.44,38.10,42.00,2213.19,-5.174465,119.488663,2020-09-06 12:49:30.557000,C7CD,end#
142.25,10.77,38.10,41.70,15345.00,-5.174473,119.488663,2020-09-06 12:49:41.614000,C7CD,end#
151.15,15.49,35.20,47.30,7078.45,-5.174479,119.488686,2020-09-06 12:56:07.046000,C7CD,end#
206.99,17.41,35.20,47.60,0.00,-5.174488,119.488716,2020-09-06 12:56:20.114000,C7CD,end#
181.23,14.40,36.10,48.00,1908.08,-5.174850,119.488495,2020-09-06 12:56:31.190000,C7CD,end#
209.08,15.05,36.70,47.20,1176.07,-5.175168,119.488358,2020-09-06 12:56:40.265000,C7CD,end#
257.74,19.10,36.50,46.90,6442.22,-5.175573,119.488167,2020-09-06 12:56:53.348000,C7CD,end#
298.99,20.24,36.40,46.90,7918.77,-5.176064,119.487968,2020-09-06 12:57:06.422000,C7CD,end#
277.80,16.98,36.70,46.90,2097.82,-5.176478,119.487808,2020-09-06 12:57:17.488000,C7CD,end#
290.91,16.09,36.80,46.10,4330.98,-5.176815,119.487633,2020-09-06 12:57:29.561000,C7CD,end#
243.40,14.74,36.90,45.20,3580.27,-5.177233,119.487320,2020-09-06 12:57:40.636000,C7CD,end#
377.79,20.91,37.30,45.60,6787.44,-5.177601,119.486984,2020-09-06 12:57:51.704000,C7CD,end#
340.41,22.44,37.70,45.40,795.60,-5.177743,119.486877,2020-09-06 12:57:59.781000,C7CD,end#
206.99,14.40,37.80,44.50,6146.45,-5.178009,119.486908,2020-09-06 12:58:08.856000,C7CD,end#
231.91,14.06,37.20,44.10,4423.40,-5.178854,119.487076,2020-09-06 12:58:23.921000,C7CD,end#
257.74,14.06,37.30,44.50,0.00,-5.179695,119.487259,2020-09-06 12:58:37.995000,C7CD,end#
358.74,18.49,37.70,44.40,15313.70,-5.179747,119.487267,2020-09-06 12:58:38.072000,C7CD,end#
257.74,14.94,38.20,43.60,2278.73,-5.179931,119.487305,2020-09-06 12:58:52.139000,C7CD,end#
203.89,13.58,38.40,43.40,0.00,-5.179447,119.487167,2020-09-06 12:59:08.216000,C7CD,end#
236.46,13.18,nan,nan,0.00,-5.178917,119.487053,2020-09-06 12:59:20.281000,C7CD,end#
176.56,11.54,39.10,41.60,7607.61,-5.178781,119.487259,2020-09-06 12:59:31.358000,C7CD,end#
165.70,10.74,38.30,41.20,7046.38,-5.178880,119.487762,2020-09-06 12:59:41.424000,C7CD,end#
159.60,10.41,38.40,41.50,4055.33,-5.179207,119.488510,2020-09-06 12:59:56.491000,C7CD,end#
168.37,10.48,38.70,41.90,9240.09,-5.179526,119.488869,2020-09-06 13:00:04.566000,C7CD,end#
151.15,10.64,39.10,41.60,6044.43,-5.179792,119.489182,2020-09-06 13:00:11.643000,C7CD,end#
162.19,9.99,39.40,41.90,0.00,-5.179489,119.489792,2020-09-06 13:00:27.720000,C7CD,end#
158.74,10.28,40.00,41.80,7335.31,-5.178985,119.490028,2020-09-06 13:00:40.796000,C7CD,end#
129.97,9.64,39.00,41.20,1885.46,-5.179541,119.489761,2020-09-06 13:01:02.935000,C7CD,end#
152.82,9.83,39.20,40.50,0.00,-5.179831,119.489555,2020-09-06 13:01:11.001000,C7CD,end#
149.51,9.16,38.70,40.90,3721.20,-5.179664,119.488991,2020-09-06 13:01:27.078000,C7CD,end#
151.15,9.60,39.30,41.20,5101.09,-5.179363,119.488647,2020-09-06 13:01:36.155000,C7CD,end#
94.67,8.31,38.30,40.50,3349.65,-5.179059,119.488266,2020-09-06 13:01:45.223000,C7CD,end#
121.27,8.94,37.60,41.30,0.00,-5.178937,119.487892,2020-09-06 13:01:52.299000,C7CD,end#
225.21,11.91,38.30,42.10,385.08,-5.178802,119.487091,2020-09-06 13:02:12.376000,C7CD,end#
245.75,14.78,38.80,41.80,3316.81,-5.178792,119.487083,2020-09-06 13:02:20.450000,C7CD,end#
257.74,17.50,38.30,41.90,15232.57,-5.178642,119.487045,2020-09-06 13:02:35.526000,C7CD,end#
